Date,Stock Price,Equity REIT Price,diff_stockprice,diff_Equity REIT Price,,,,,S&P 100
"January 1, 1972",103.94,98.65462,2.63,,,,,,
"February 1, 1972",106.57,100.3682599,0.63,1.713639924,,,,,
"March 1, 1972",107.20,99.62905712,0.47,-0.7392028,,,,,
"April 1, 1972",107.67,102.8533523,1.86,3.224295176,,,,,
"May 1, 1972",109.53,92.82986525,-2.39,-10.02348705,,,,,
"June 1, 1972",107.14,101.7469526,0.25,8.9170874,,,,,
"July 1, 1972",107.39,106.360213,3.70,4.613260352,,,,,
"August 1, 1972",111.09,104.8138013,-0.54,-1.54641166,,,,,
"September 1, 1972",110.55,108.1629331,1.03,3.349131745,,,,,
"October 1, 1972",111.58,104.7719441,5.09,-3.390988966,,,,,
"November 1, 1972",116.67,103.0697135,1.38,-1.702230614,,,,,
"December 1, 1972",118.05,101.0805783,-2.02,-1.989135186,,,,,
"January 1, 1973",116.03,101.5859558,-4.35,0.50537752,,,,,
"February 1, 1973",111.68,95.87471691,-0.16,-5.711238932,,,,,
"March 1, 1973",111.52,97.41943884,-4.55,1.544721934,,,,,
"April 1, 1973",106.97,92.03361734,-2.02,-5.385821499,,,,,
"May 1, 1973",104.95,89.3318886,-0.69,-2.701728747,,,,,
"June 1, 1973",104.26,90.5762668,3.96,1.2443782,,,,,
"July 1, 1973",108.22,92.83135308,-3.97,2.255086281,,,,,
"August 1, 1973",104.25,88.33947951,4.18,-4.491873569,,,,,
"September 1, 1973",108.43,93.27754952,-0.14,4.938070014,,,,,
"October 1, 1973",108.29,93.25634446,-12.33,-0.021205065,,,,,
"November 1, 1973",95.96,80.13746148,1.59,-13.11888298,,,,,
"December 1, 1973",97.55,79.06584643,-0.98,-1.071615044,,,,,
"January 1, 1974",96.57,81.65924621,-0.35,2.59339977,,,,,
"February 1, 1974",96.22,85.03269403,-2.24,3.373447821,,,,,
"March 1, 1974",93.98,82.31172647,-3.67,-2.720967554,,,,,
"April 1, 1974",90.31,76.94147913,-3.03,-5.370247343,,,,,
"May 1, 1974",87.28,71.50403157,-1.28,-5.437447559,,,,,
"June 1, 1974",86.00,71.69781393,-6.69,0.193782361,,,,,
"July 1, 1974",79.31,65.19609915,-7.16,-6.501714785,,,,,
"August 1, 1974",72.15,60.242996,-8.61,-4.953103145,,,,,
"September 1, 1974",63.54,59.23616216,10.36,-1.006833843,,,,,
"October 1, 1974",73.90,60.85696088,-3.93,1.620798722,,,,,
"November 1, 1974",69.97,57.56428077,-1.41,-3.292680109,,,,,
"December 1, 1974",68.56,55.87880554,8.42,-1.685475233,,,,,
"January 1, 1975",76.98,62.89159194,4.61,7.012786407,,,,,
"February 1, 1975",81.59,64.3261396,1.77,1.434547653,,,,,
"March 1, 1975",83.36,65.47234958,3.94,1.146209985,,,,,
"April 1, 1975",87.30,66.64579407,3.85,1.173444488,,,,,
"May 1, 1975",91.15,65.60728572,4.04,-1.038508353,,,,,
"June 1, 1975",95.19,68.93387224,-6.44,3.326586521,,,,,
"July 1, 1975",88.75,67.03322641,-1.87,-1.900645828,,,,,
"August 1, 1975",86.88,65.97463663,-3.01,-1.058589784,,,,,
"September 1, 1975",83.87,61.05564042,5.17,-4.918996203,,,,,
"October 1, 1975",89.04,58.91951873,2.20,-2.136121698,,,,,
"November 1, 1975",91.24,59.87475419,-1.05,0.955235467,,,,,
"December 1, 1975",90.19,60.53831047,10.67,0.663556275,,,,,
"January 1, 1976",100.86,68.06970526,-1.15,7.531394797,,,,,
"February 1, 1976",99.71,71.39294887,3.06,3.323243606,,,,,
"March 1, 1976",102.77,70.95984597,-1.13,-0.433102897,,,,,
"April 1, 1976",101.64,71.72820202,-1.46,0.768356051,,,,,
"May 1, 1976",100.18,69.68453278,4.10,-2.043669245,,,,,
"June 1, 1976",104.28,71.6854755,-0.84,2.000942719,,,,,
"July 1, 1976",103.44,72.74738162,-0.53,1.061906125,,,,,
"August 1, 1976",102.91,75.37953764,2.33,2.632156019,,,,,
"September 1, 1976",105.24,75.33144301,-2.34,-0.048094633,,,,,
"October 1, 1976",102.90,75.70940805,-0.80,0.377965044,,,,,
"November 1, 1976",102.10,78.10830229,5.36,2.398894234,,,,,
"December 1, 1976",107.46,82.45918038,-5.43,4.350878088,,,,,
"January 1, 1977",102.03,86.58880919,-2.21,4.129628812,,,,,
"February 1, 1977",99.82,87.31281286,-1.40,0.724003669,,,,,
"March 1, 1977",98.42,87.00558404,0.02,-0.307228817,,,,,
"April 1, 1977",98.44,87.70712529,-2.32,0.70154125,,,,,
"May 1, 1977",96.12,87.87678367,4.36,0.169658383,,,,,
"June 1, 1977",100.48,90.76871609,-1.63,2.891932416,,,,,
"July 1, 1977",98.85,90.35771888,-2.08,-0.410997206,,,,,
"August 1, 1977",96.77,90.39599279,-0.24,0.038273903,,,,,
"September 1, 1977",96.53,89.96354378,-4.19,-0.432449006,,,,,
"October 1, 1977",92.34,89.38913132,2.49,-0.574412459,,,,,
"November 1, 1977",94.83,93.23774274,0.27,3.848611416,,,,,
"December 1, 1977",95.10,93.98003162,-5.85,0.742288886,,,,,
"January 1, 1978",89.25,91.22637591,-2.21,-2.753655714,,,,,
"February 1, 1978",87.04,92.23307922,2.17,1.00670331,,,,,
"March 1, 1978",89.21,96.13703909,7.62,3.903959874,,,,,
"April 1, 1978",96.83,98.25229401,0.41,2.115254914,,,,,
"May 1, 1978",97.24,95.14395113,-1.71,-3.108342881,,,,,
"June 1, 1978",95.53,94.00681945,5.15,-1.137131675,,,,,
"July 1, 1978",100.68,95.92366391,2.61,1.916844454,,,,,
"August 1, 1978",103.29,99.76640866,-0.75,3.842744758,,,,,
"September 1, 1978",102.54,98.9482855,-9.39,-0.818123161,,,,,
"October 1, 1978",93.15,90.70016738,1.55,-8.248118122,,,,,
"November 1, 1978",94.70,93.44459844,1.41,2.744431061,,,,,
"December 1, 1978",96.11,96.47909964,3.82,3.034501201,,,,,
"January 1, 1979",99.93,98.97013954,-3.65,2.491039894,,,,,
"February 1, 1979",96.28,100.547249,5.31,1.577109462,,,,,
"March 1, 1979",101.59,107.3057706,0.17,6.758521639,,,,,
"April 1, 1979",101.76,106.8814727,-2.68,-0.424297962,,,,,
"May 1, 1979",99.08,105.6600625,3.83,-1.221410153,,,,,
"June 1, 1979",102.91,114.8802096,0.90,9.220147047,,,,,
"July 1, 1979",103.81,118.454082,5.51,3.573872428,,,,,
"August 1, 1979",109.32,132.9582038,0.00,14.5041218,,,,,
"September 1, 1979",109.32,128.7453554,-7.50,-4.212848363,,,,,
"October 1, 1979",101.82,114.084425,4.34,-14.66093039,,,,,
"November 1, 1979",106.16,117.800023,1.78,3.715597956,,,,,
"December 1, 1979",107.94,121.0679709,6.22,3.267947924,,,,,
"January 1, 1980",114.16,128.4953121,-0.50,7.427341199,,,,,
"February 1, 1980",113.66,129.5321923,-11.57,1.0368802,,,,,
"March 1, 1980",102.09,113.0554931,4.20,-16.47669926,,,,,
"April 1, 1980",106.29,111.7815111,4.95,-1.27398199,,,,,
"May 1, 1980",111.24,103.7685699,3.00,-8.012941144,,,,,
"June 1, 1980",114.24,110.3597978,7.43,6.591227852,,,,,
"July 1, 1980",121.67,117.680661,0.71,7.320863191,,,,,
"August 1, 1980",122.38,120.7889314,3.08,3.108270466,,,,,
"September 1, 1980",125.46,118.0840638,2.01,-2.70486761,,,,,
"October 1, 1980",127.47,129.0842813,13.05,11.00021744,,,,,
"November 1, 1980",140.52,126.1956827,-4.76,-2.888598607,,,,,
"December 1, 1980",135.76,123.4234279,-6.21,-2.772254768,,,,,
"January 1, 1981",129.55,124.6177583,1.72,1.194330374,,,,,
"February 1, 1981",131.27,125.0393001,4.73,0.421541874,,,,,
"March 1, 1981",136.00,127.6379987,-3.19,2.598698527,,,,,
"April 1, 1981",132.81,128.3823325,-0.22,0.744333881,,,,,
"May 1, 1981",132.59,127.489537,-1.38,-0.892795518,,,,,
"June 1, 1981",131.21,129.8047723,-0.29,2.315235235,,,,,
"July 1, 1981",130.92,127.5175369,-8.13,-2.287235374,,,,,
"August 1, 1981",122.79,122.0403227,-6.61,-5.477214218,,,,,
"September 1, 1981",116.18,113.4256496,5.71,-8.614673094,,,,,
"October 1, 1981",121.89,117.9694501,4.46,4.543800557,,,,,
"November 1, 1981",126.35,121.8754016,-3.80,3.905951506,,,,,
"December 1, 1981",122.55,120.9185327,-2.15,-0.956868885,,,,,
"January 1, 1982",120.40,119.0079448,-7.29,-1.910587908,,,,,
"February 1, 1982",113.11,116.0932281,-1.15,-2.91471676,,,,,
"March 1, 1982",111.96,113.7800424,4.48,-2.313185664,,,,,
"April 1, 1982",116.44,115.510116,-4.56,1.73007356,,,,,
"May 1, 1982",111.88,115.1792904,-2.27,-0.330825593,,,,,
"June 1, 1982",109.61,110.264759,-2.52,-4.914531353,,,,,
"July 1, 1982",107.09,109.250376,12.42,-1.014383077,,,,,
"August 1, 1982",119.51,112.6789948,0.91,3.42861886,,,,,
"September 1, 1982",120.42,117.1949686,13.30,4.515973769,,,,,
"October 1, 1982",133.72,127.6221405,4.81,10.42717188,,,,,
"November 1, 1982",138.53,132.0764473,2.11,4.454306871,,,,,
"December 1, 1982",140.64,134.808123,4.66,2.731675613,,,,,
"January 1, 1983",145.30,138.1702212,2.76,3.362098275,,,,,74.665001
"February 1, 1983",148.06,136.61689,4.90,-1.553331182,,,,,75.209999
"March 1, 1983",152.96,148.9121987,11.47,12.29530862,,,,,76.879997
"April 1, 1983",164.43,156.893849,-2.04,7.981650366,,,,,83.315002
"May 1, 1983",162.39,158.4868827,5.25,1.59303362,,,,,81.099998
"June 1, 1983",167.64,160.5226221,-5.08,2.035739442,,,,,84.269997
"July 1, 1983",162.56,155.2485098,1.84,-5.27411233,,,,,81.565002
"August 1, 1983",164.40,154.1690947,1.67,-1.079415099,,,,,82.989998
"September 1, 1983",166.07,151.8469833,-2.52,-2.3221114,,,,,83.529999
"October 1, 1983",163.55,154.8780536,2.85,3.031070324,,,,,82.160004
"November 1, 1983",166.40,157.7240179,-1.47,2.845964307,,,,,83.224998
"December 1, 1983",164.93,163.1271653,-1.52,5.403147422,,,,,83.059998
"January 1, 1984",163.41,167.3750318,-6.35,4.247866457,,,,,80.824997
"February 1, 1984",157.06,167.7563966,2.12,0.381364847,,,,,77.07
"March 1, 1984",159.18,167.3709734,0.87,-0.385423173,,,,,78.425003
"April 1, 1984",160.05,168.0506917,-9.50,0.679718294,,,,,79.339996
"May 1, 1984",150.55,164.0059722,2.63,-4.044719504,,,,,74.769997
"June 1, 1984",153.18,163.5060081,-2.52,-0.49996417,,,,,75.959999
"July 1, 1984",150.66,158.9754621,16.02,-4.530545957,,,,,75.089996
"August 1, 1984",166.68,164.7401607,-0.58,5.764698576,,,,,83.214996
"September 1, 1984",166.10,170.7571817,-0.01,6.017021028,,,,,82.660004
"October 1, 1984",166.09,172.5756919,-2.51,1.818510197,,,,,82.68
"November 1, 1984",163.58,175.4924555,3.66,2.916763551,,,,,80.525002
"December 1, 1984",167.24,178.2988399,12.39,2.806384443,,,,,82.540001
"January 1, 1985",179.63,183.7784712,1.55,5.479631324,,,,,89.080002
"February 1, 1985",181.18,187.7012271,-0.52,3.922755879,,,,,89.339996
"March 1, 1985",180.66,189.4648665,-0.83,1.763639416,,,,,88.07
"April 1, 1985",179.83,189.7114657,9.72,0.246599134,,,,,87.474998
"May 1, 1985",189.55,195.2369942,2.30,5.52552856,,,,,92.040001
"June 1, 1985",191.85,197.9129554,-0.93,2.675961195,,,,,92.815002
"July 1, 1985",190.92,200.1002243,-2.29,2.18726887,,,,,93
"August 1, 1985",188.63,194.4206604,-6.55,-5.679563926,,,,,91.184998
"September 1, 1985",182.08,189.2839987,7.74,-5.136661699,,,,,88.529999
"October 1, 1985",189.82,192.9956548,12.35,3.711656112,,,,,91.584999
"November 1, 1985",202.17,191.9666434,9.11,-1.029011337,,,,,97.815002
"December 1, 1985",211.28,195.4505746,0.50,3.4839312,,,,,103.010002
"January 1, 1986",211.78,202.6040922,15.14,7.153517613,,,,,102
"February 1, 1986",226.92,205.6109376,11.98,3.006845307,,,,,108.785004
"March 1, 1986",238.90,217.9374572,-3.38,12.32651963,,,,,113.800003
"April 1, 1986",235.52,216.2819393,11.83,-1.65551787,,,,,113.305
"May 1, 1986",247.35,211.3579899,3.49,-4.923949464,,,,,118.025002
"June 1, 1986",250.84,220.7481576,-14.72,9.390167754,,,,,118.580002
"July 1, 1986",236.12,218.3026091,16.81,-2.44554853,,,,,111.080002
"August 1, 1986",252.93,224.3701651,-21.61,6.067555983,,,,,118.660004
"September 1, 1986",231.32,220.8569981,12.66,-3.513166954,,,,,109.809998
"October 1, 1986",243.98,224.4558298,5.24,3.598831656,,,,,114.760002
"November 1, 1986",249.22,222.0925359,-7.05,-2.36329386,,,,,118.029999
"December 1, 1986",242.17,216.0978064,31.91,-5.994729502,,,,,115.544998
"January 1, 1987",274.08,227.0442278,10.12,10.94642142,,,,,131.479996
"February 1, 1987",284.20,233.6692837,7.50,6.62505589,,,,,136.595001
"March 1, 1987",291.70,232.6803867,-3.34,-0.988897054,,,,,141.035004
"April 1, 1987",288.36,228.7442652,1.74,-3.936121473,,,,,141.705002
"May 1, 1987",290.10,225.9842897,13.90,-2.759975464,,,,,142.479996
"June 1, 1987",304.00,230.8815428,14.66,4.897253114,,,,,149.485001
"July 1, 1987",318.66,229.5111902,11.14,-1.370352606,,,,,155.925003
"August 1, 1987",329.80,222.6011391,-7.97,-6.910051078,,,,,162.929993
"September 1, 1987",321.83,219.5888353,-70.04,-3.012303837,,,,,157.75
"October 1, 1987",251.79,184.8020125,-21.49,-34.78682279,,,,,124.110001
"November 1, 1987",230.30,187.8847718,16.78,3.082759248,,,,,111.940002
"December 1, 1987",247.08,193.8236362,9.99,5.938864406,,,,,119.129997
"January 1, 1988",257.07,202.9946872,10.75,9.171051041,,,,,122.879997
"February 1, 1988",267.82,209.2395224,-8.93,6.24483518,,,,,127.720001
"March 1, 1988",258.89,208.6362373,2.44,-0.60328504,,,,,121.695
"April 1, 1988",261.33,208.9483943,0.83,0.312156948,,,,,123.864998
"May 1, 1988",262.16,204.770664,11.34,-4.177730285,,,,,124.904999
"June 1, 1988",273.50,210.2886701,-1.48,5.518006071,,,,,130.824997
"July 1, 1988",272.02,211.325588,-10.50,1.036917871,,,,,130.240005
"August 1, 1988",261.52,208.8531927,10.39,-2.472395263,,,,,124.07
"September 1, 1988",271.91,208.6402832,7.06,-0.212909539,,,,,128.464996
"October 1, 1988",278.97,206.424564,-5.27,-2.215719122,,,,,132.115005
"November 1, 1988",273.70,201.0769483,4.02,-5.347615765,,,,,130.130005
"December 1, 1988",277.72,203.0683402,19.75,1.991391898,,,,,131.929993
"January 1, 1989",297.47,206.3350902,-8.61,3.266750032,,,,,142.440002
"February 1, 1989",288.86,204.3104141,6.01,-2.024676072,,,,,137.020004
"March 1, 1989",294.87,203.6657263,14.77,-0.644687823,,,,,138.294998
"April 1, 1989",309.64,207.9231573,10.88,4.25743099,,,,,145.544998
"May 1, 1989",320.52,208.8806384,-2.54,0.957481149,,,,,149.175003
"June 1, 1989",317.98,211.377819,28.10,2.497180565,,,,,147.440002
"July 1, 1989",346.08,217.6923509,5.37,6.314531863,,,,,160.720001
"August 1, 1989",351.45,218.3765357,-2.30,0.684184854,,,,,163.595001
"September 1, 1989",349.15,215.0805116,-8.79,-3.296024095,,,,,162.580002
"October 1, 1989",340.36,208.0524154,5.63,-7.02809619,,,,,158.990005
"November 1, 1989",345.99,206.2274999,7.41,-1.824915534,,,,,161.414993
"December 1, 1989",353.40,204.2437027,-24.32,-1.983797186,,,,,164.675003
"January 1, 1990",329.08,194.6598905,2.81,-9.583812228,,,,,153.940002
"February 1, 1990",331.89,191.8883261,8.05,-2.771564406,,,,,156.240005
"March 1, 1990",339.94,192.3089867,-9.14,0.420660659,,,,,160.014999
"April 1, 1990",330.80,187.6012652,30.43,-4.707721495,,,,,157.115005
"May 1, 1990",361.23,186.3222206,-3.21,-1.279044603,,,,,171.330002
"June 1, 1990",358.02,179.3874822,-1.87,-6.934738468,,,,,169.899994
"July 1, 1990",356.15,176.4667749,-33.59,-2.920707254,,,,,169.339996
"August 1, 1990",322.56,162.2638273,-16.51,-14.20294761,,,,,153.199997
"September 1, 1990",306.05,149.5768836,-2.05,-12.68694367,,,,,145.729996
"October 1, 1990",304.00,143.0718276,18.22,-6.505055992,,,,,144.914993
"November 1, 1990",322.22,152.0769097,8.00,9.005082044,,,,,152.865005
"December 1, 1990",330.22,150.2119115,13.71,-1.864998223,,,,,155.225006
"January 1, 1991",343.93,165.5485476,23.14,15.33663616,,,100.00 ,100.00 ,162.914993
"February 1, 1991",367.07,167.8496724,8.15,2.301124812,,,100.46 ,100.52 ,174.039993
"March 1, 1991",375.22,180.779594,0.12,12.92992152,,,100.72 ,100.51 ,177.714996
"April 1, 1991",375.34,184.1063,14.49,3.326706088,,,100.73 ,100.35 ,177.710007
"May 1, 1991",389.83,185.180216,-18.67,1.073915982,,,100.88 ,100.43 ,185.065002
"June 1, 1991",371.16,178.6003889,16.65,-6.579827139,,,101.38 ,100.54 ,176.554993
"July 1, 1991",387.81,180.9476653,7.62,2.347276407,,,101.35 ,100.58 ,185.039993
"August 1, 1991",395.43,179.0359264,-7.57,-1.911738864,,,101.27 ,100.40 ,186.744995
"September 1, 1991",387.86,182.1768086,4.59,3.140882169,,,101.40 ,100.66 ,182.009995
"October 1, 1991",392.45,178.8753653,-17.23,-3.301443285,,,101.59 ,100.96 ,184.044998
"November 1, 1991",375.22,176.978562,41.87,-1.896803318,,,102.13 ,101.53 ,176.005005
"December 1, 1991",417.09,188.4749124,-8.31,11.49635041,,,102.18 ,101.89 ,192.779999
"January 1, 1992",408.78,196.5372076,3.92,8.062295206,,,102.27 ,102.28 ,190.104996
"February 1, 1992",412.70,190.466187,-9.01,-6.071020585,,,102.94 ,103.01 ,192.455002
"March 1, 1992",403.69,186.2010872,11.26,-4.265099803,,,103.08 ,102.87 ,188.809998
"April 1, 1992",414.95,184.2465102,0.40,-1.954577019,,,102.97 ,102.57 ,194.740005
"May 1, 1992",415.35,191.0820557,-7.21,6.835545528,,,103.15 ,102.66 ,195.419998
"June 1, 1992",408.14,187.4235031,16.07,-3.65855258,,,103.51 ,102.64 ,191.889999
"July 1, 1992",424.21,194.3379498,-10.18,6.91444662,,,103.77 ,102.95 ,197.904999
"August 1, 1992",414.03,193.7518004,3.77,-0.586149376,,,104.34 ,103.42 ,192.160004
"September 1, 1992",417.80,196.6365322,0.88,2.884731806,,,104.60 ,103.83 ,192.100006
"October 1, 1992",418.68,195.108581,12.67,-1.527951195,,,104.78 ,104.13 ,191.304993
"November 1, 1992",431.35,197.9708239,4.36,2.862242883,,,105.04 ,104.44 ,196.369995
"December 1, 1992",435.71,200.541871,3.07,2.57104709,,,104.64 ,104.36 ,198.320007
"January 1, 1993",438.78,212.1740014,4.60,11.63213041,,,104.39 ,104.41 ,200.785004
"February 1, 1993",443.38,222.4014248,8.29,10.22742339,,,104.07 ,104.17 ,203.830002
"March 1, 1993",451.67,240.2591472,-11.48,17.8577224,,,104.67 ,104.47 ,207.179993
"April 1, 1993",440.19,228.3660791,10.00,-11.89306804,,,105.56 ,105.14 ,203.559998
"May 1, 1993",450.19,223.716089,0.34,-4.649990103,,,105.90 ,105.35 ,208.779999
"June 1, 1993",450.53,229.9298034,-2.40,6.213714373,,,106.69 ,105.75 ,208.369995
"July 1, 1993",448.13,232.6979283,15.43,2.768124903,,,106.71 ,105.81 ,207.205002
"August 1, 1993",463.56,237.28117,-4.63,4.583241666,,,107.16 ,106.16 ,214.160004
"September 1, 1993",458.93,247.975456,8.90,10.69428606,,,107.38 ,106.57 ,210.850006
"October 1, 1993",467.83,241.9536201,-6.04,-6.021835974,,,107.50 ,106.84 ,214.095001
"November 1, 1993",461.79,227.8067129,4.66,-14.14690719,,,107.71 ,107.13 ,212.869995
"December 1, 1993",466.45,226.5145978,15.16,-1.292115119,,,107.89 ,107.62 ,214.729996
"January 1, 1994",481.61,231.6770473,-14.47,5.162449574,,,107.86 ,107.91 ,222.845001
"February 1, 1994",467.14,240.7182673,-21.37,9.04121994,,,108.00 ,108.14 ,216.880005
"March 1, 1994",445.77,231.0250217,5.14,-9.693245593,,,108.72 ,108.53 ,206.164993
"April 1, 1994",450.91,233.3820545,5.59,2.357032784,,,109.30 ,108.84 ,207.550003
"May 1, 1994",456.50,236.9281547,-12.23,3.546100288,,,109.85 ,109.21 ,211.940002
"June 1, 1994",444.27,231.3698439,13.99,-5.558310817,,,110.46 ,109.43 ,205.139999
"July 1, 1994",458.26,228.6144838,17.23,-2.755360103,,,110.57 ,109.56 ,212.554993
"August 1, 1994",475.49,227.8683849,-12.78,-0.746098914,,,110.94 ,109.85 ,218.729996
"September 1, 1994",462.71,222.8814853,9.64,-4.986899604,,,110.78 ,109.94 ,214.059998
"October 1, 1994",472.35,213.4948628,-18.66,-9.38662255,,,110.86 ,110.20 ,218.889999
"November 1, 1994",453.69,204.4624929,5.58,-9.032369858,,,110.99 ,110.44 ,210.735001
"December 1, 1994",459.27,218.5502654,11.15,14.08777245,,,110.66 ,110.43 ,214.315002
"January 1, 1995",470.42,211.7065321,16.97,-6.843733276,,,110.76 ,110.85 ,218.255005
"February 1, 1995",487.39,215.570388,13.32,3.863855917,,,111.13 ,111.30 ,227.804993
"March 1, 1995",500.71,213.9146134,14.00,-1.655774593,,,111.43 ,111.23 ,234.835007
"April 1, 1995",514.71,211.972236,18.69,-1.942377397,,,111.91 ,111.42 ,243.835007
"May 1, 1995",533.40,219.3668957,11.35,7.394659699,,,112.28 ,111.53 ,253.675003
"June 1, 1995",544.75,222.0598285,17.31,2.692932763,,,113.08 ,111.97 ,259
"July 1, 1995",562.06,223.8439415,-0.18,1.784113045,,,113.59 ,112.48 ,267.420013
"August 1, 1995",561.88,224.9274377,22.53,1.083496229,,,113.93 ,112.76 ,265.26001
"September 1, 1995",584.41,228.0305201,-2.91,3.103082399,,,113.85 ,112.98 ,278.045013
"October 1, 1995",581.50,221.23994,23.87,-6.790580147,,,113.77 ,113.11 ,277.940002
"November 1, 1995",605.37,221.6765946,10.56,0.436654566,,,113.80 ,113.31 ,288.665009
"December 1, 1995",615.93,232.8823919,20.09,11.2057973,,,113.92 ,113.74 ,292.959991
"January 1, 1996",636.02,235.8965654,4.41,3.01417351,,,114.05 ,114.18 ,304.980011
"February 1, 1996",640.43,237.362863,5.07,1.466297666,,,114.22 ,114.41 ,308.535004
"March 1, 1996",645.50,235.3798625,8.67,-1.983000567,,,114.99 ,114.77 ,311.100006
"April 1, 1996",654.17,234.4275414,14.95,-0.952321032,,,115.59 ,115.06 ,315.234985
"May 1, 1996",669.12,238.8023028,1.51,4.374761359,,,116.21 ,115.36 ,323.01001
"June 1, 1996",670.63,241.1933774,-30.68,2.391074654,,,116.70 ,115.49 ,323.765015
"July 1, 1996",639.95,240.8656656,12.04,-0.327711854,,,117.10 ,115.89 ,308.174988
"August 1, 1996",651.99,248.6570822,35.34,7.79141657,,,117.09 ,115.87 ,314.809998
"September 1, 1996",687.33,252.399053,17.94,3.741970805,,,117.11 ,116.23 ,330.890015
"October 1, 1996",705.27,258.0530174,51.75,5.653964431,,,116.95 ,116.31 ,340.350006
"November 1, 1996",757.02,267.5258112,-16.28,9.472793845,,,117.07 ,116.62 ,366.695007
"December 1, 1996",740.74,294.2404037,45.42,26.71459246,,,117.08 ,116.94 ,359.98999
"January 1, 1997",786.16,295.7426187,4.66,1.502214957,,,116.90 ,117.05 ,385.899994
"February 1, 1997",790.82,293.343657,-33.70,-2.398961648,,,117.21 ,117.40 ,384.269989
"March 1, 1997",757.12,291.8907593,44.22,-1.452897692,,,118.16 ,117.91 ,368.600006
"April 1, 1997",801.34,281.9995593,46.94,-9.891199999,,,118.68 ,118.12 ,392.850006
"May 1, 1997",848.28,288.5419491,36.86,6.542389776,,,119.49 ,118.55 ,413.350006
"June 1, 1997",885.14,301.583595,69.17,13.04164592,,,119.94 ,118.64 ,430.575012
"July 1, 1997",954.31,309.0582177,-54.84,7.474622737,,,120.24 ,118.97 ,464.945007
"August 1, 1997",899.47,306.6003705,47.81,-2.457847288,,,120.65 ,119.39 ,434.470001
"September 1, 1997",947.28,332.899192,-32.66,26.29882154,,,120.42 ,119.51 ,456.915009
"October 1, 1997",914.62,321.7970039,40.78,-11.10218805,,,120.83 ,120.16 ,436.714996
"November 1, 1997",955.40,326.9587257,15.03,5.16172177,,,120.97 ,120.53 ,459.100006
"December 1, 1997",970.43,333.4665113,9.85,6.507785594,,,121.05 ,120.95 ,459.940002
"January 1, 1998",980.28,329.8801377,69.06,-3.586373639,,,121.15 ,121.31 ,468.790009
"February 1, 1998",1049.34,322.6919499,52.41,-7.188187721,,,122.04 ,122.24 ,501.929993
"March 1, 1998",1101.75,327.6095445,10.00,4.917594519,,,122.94 ,122.67 ,528.909973
"April 1, 1998",1111.75,314.7082929,-20.93,-12.90125162,,,123.83 ,123.24 ,536.47998
"May 1, 1998",1090.82,310.8047089,43.02,-3.903583993,,,124.76 ,123.74 ,529.039978
"June 1, 1998",1133.84,308.0017581,-13.17,-2.802950801,,,125.95 ,124.53 ,554.559998
"July 1, 1998",1120.67,286.1191215,-163.39,-21.88263658,,,126.20 ,124.84 ,550.929993
"August 1, 1998",957.28,257.4279582,59.73,-28.69116328,,,126.72 ,125.40 ,470.910004
"September 1, 1998",1017.01,270.9976024,81.66,13.56964421,,,127.16 ,126.18 ,493.100006
"October 1, 1998",1098.67,264.2641655,64.96,-6.733436888,,,127.44 ,126.71 ,536.969971
"November 1, 1998",1163.63,266.7898972,65.60,2.525731634,,,127.99 ,127.54 ,577.190002
"December 1, 1998",1229.23,259.0037714,50.41,-7.786125707,,,128.19 ,128.10 ,604.030029
"January 1, 1999",1279.64,252.787,-41.31,-6.216771445,,,128.71 ,128.86 ,640.440002
"February 1, 1999",1238.33,245.634,48.04,-7.153,,,129.20 ,129.41 ,618.419983
"March 1, 1999",1286.37,242.021,48.81,-3.613,,,130.24 ,129.94 ,646.590027
"April 1, 1999",1335.18,263.648,-33.34,21.627,,,131.25 ,130.61 ,675.650024
"May 1, 1999",1301.84,268.238,70.87,4.59,,,132.50 ,131.40 ,658.659973
"June 1, 1999",1372.71,261.654,-43.99,-6.584,,,133.52 ,131.98 ,704.469971
"July 1, 1999",1328.72,252.0305,-8.31,-9.6235,,,134.18 ,132.71 ,683.289978
"August 1, 1999",1320.41,246.9852,-37.70,-5.0453,,,134.94 ,133.54 ,692.23999
"September 1, 1999",1282.71,235.4641,80.22,-11.5211,,,135.01 ,133.94 ,672.369995
"October 1, 1999",1362.93,228.3005,25.98,-7.1636,,,135.66 ,134.84 ,717.030029
"November 1, 1999",1388.91,222.889,80.34,-5.4115,,,135.81 ,135.33 ,738.73999
"December 1, 1999",1469.25,227.368,-74.79,4.479,,,136.06 ,135.97 ,792.830017
"January 1, 2000",1394.46,227.338539,-28.04,-0.029461,,,137.37 ,137.53 ,754.26001
"February 1, 2000",1366.42,223.264399,132.16,-4.07414,,,137.19 ,137.41 ,738.640015
"March 1, 2000",1498.58,228.388613,-46.15,5.124214,,,138.78 ,138.47 ,815.059998
"April 1, 2000",1452.43,242.592056,-31.83,14.203443,,,140.08 ,139.40 ,781.419983
"May 1, 2000",1420.60,243.549408,34.00,0.957352,,,141.21 ,140.04 ,761.549988
"June 1, 2000",1454.60,247.662544,-23.77,4.113136,,,142.63 ,140.97 ,790.25
"July 1, 2000",1430.83,268.290631,86.85,20.628087,,,143.32 ,141.71 ,782.640015
"August 1, 2000",1517.68,255.962913,-81.17,-12.327718,,,143.81 ,142.30 ,827.409973
"September 1, 2000",1436.51,261.699129,-7.11,5.736216,,,144.39 ,143.17 ,759.830017
"October 1, 2000",1429.40,249.200475,-114.45,-12.498654,,,144.92 ,143.99 ,750.929993
"November 1, 2000",1314.95,251.035159,5.33,1.834684,,,145.38 ,144.87 ,697.280029
"December 1, 2000",1320.28,264.902647,45.73,13.867488,,,145.79 ,145.70 ,686.450012
"January 1, 2001",1366.01,266.870675,-126.07,1.968028,,,146.47 ,146.65 ,715.200012
"February 1, 2001",1239.94,261.200666,-79.61,-5.670009,,,147.40 ,147.65 ,640.710022
"March 1, 2001",1160.33,261.476401,89.13,0.275735,,,148.78 ,148.47 ,591.630005
"April 1, 2001",1249.46,266.563385,6.36,5.086984,,,150.00 ,149.29 ,645.469971
"May 1, 2001",1255.82,271.415258,-31.44,4.851873,,,151.21 ,149.96 ,646.22998
"June 1, 2001",1224.38,285.2214,-13.15,13.806142,,,152.47 ,150.68 ,632.02002
"July 1, 2001",1211.23,278.095638,-77.65,-7.125762,,,153.33 ,151.56 ,622.159973
"August 1, 2001",1133.58,286.585674,-92.64,8.490036,,,153.92 ,152.28 ,577.400024
"September 1, 2001",1040.94,272.531668,18.84,-14.054006,,,154.49 ,153.11 ,533.099976
"October 1, 2001",1059.78,263.526792,79.67,-9.004876,,,155.05 ,154.00 ,544.429993
"November 1, 2001",1139.45,276.566205,8.63,13.039413,,,155.02 ,154.47 ,584.799988
"December 1, 2001",1148.08,280.396436,-17.88,3.830231,,,155.58 ,155.48 ,584.280029
"January 1, 2002",1130.20,279.90071,-23.47,-0.495726,,,156.15 ,156.40 ,573.48999
"February 1, 2002",1106.73,283.968987,40.66,4.068277,,,157.02 ,157.31 ,562.409973
"March 1, 2002",1147.39,298.821724,-70.47,14.852737,,,158.59 ,158.29 ,577.869995
"April 1, 2002",1076.92,300.368831,-9.78,1.547107,,,159.92 ,159.18 ,532.400024
"May 1, 2002",1067.14,302.616917,-77.32,2.248086,,,161.63 ,160.27 ,529.200012
"June 1, 2002",989.82,308.69182,-78.20,6.074903,,,163.17 ,161.25 ,490.119995
"July 1, 2002",911.62,291.528727,4.45,-17.163093,,,164.23 ,162.28 ,458.869995
"August 1, 2002",916.07,289.188109,-100.79,-2.340618,,,165.16 ,163.34 ,460.799988
"September 1, 2002",815.28,275.988778,70.48,-13.199331,,,165.93 ,164.37 ,407.25
"October 1, 2002",885.76,261.690433,50.55,-14.298345,,,166.64 ,165.47 ,451.200012
"November 1, 2002",936.31,272.099778,-56.49,10.409345,,,167.06 ,166.46 ,478.850006
"December 1, 2002",879.82,271.657536,-24.12,-0.442242,,,167.72 ,167.62 ,444.75
"January 1, 2003",855.70,262.913148,-14.55,-8.744388,,,168.27 ,168.65 ,432.570007
"February 1, 2003",841.15,265.735517,7.03,2.822369,,,169.36 ,169.71 ,425.359985
"March 1, 2003",848.18,268.69558,68.74,2.960063,,,170.61 ,170.32 ,429.130005
"April 1, 2003",916.92,279.551866,46.67,10.856286,,,172.16 ,171.36 ,465.529999
"May 1, 2003",963.59,294.695237,10.91,15.143371,,,173.83 ,172.29 ,483.200012
"June 1, 2003",974.50,298.975539,15.81,4.280302,,,175.23 ,173.12 ,490.390015
"July 1, 2003",990.31,313.727735,17.70,14.752196,,,176.57 ,174.43 ,499.269989
"August 1, 2003",1008.01,313.94116,-12.04,0.213425,,,177.70 ,175.69 ,503.359985
"September 1, 2003",995.97,322.24767,54.74,8.30651,,,178.86 ,177.13 ,498.559998
"October 1, 2003",1050.71,326.901471,7.49,4.653801,,,179.43 ,178.18 ,519.97998
"November 1, 2003",1058.20,339.686966,53.72,12.785495,,,180.20 ,179.56 ,520.73999
"December 1, 2003",1111.92,349.021812,19.21,9.334846,,,181.10 ,181.03 ,550.780029
"January 1, 2004",1131.13,362.896485,13.81,13.874673,,,181.74 ,182.29 ,560.309998
"February 1, 2004",1144.94,367.860354,-18.73,4.963869,,,183.30 ,183.70 ,564.539978
"March 1, 2004",1126.21,385.869837,-18.91,18.009483,,,185.21 ,184.93 ,551.130005
"April 1, 2004",1107.30,328.469673,13.38,-57.400164,,,187.37 ,186.46 ,540.880005
"May 1, 2004",1120.68,350.374982,20.16,21.905309,,,190.03 ,188.24 ,545.130005
"June 1, 2004",1140.84,358.248,-39.12,7.873018,,,192.61 ,190.21 ,553.869995
"July 1, 2004",1101.72,358.260338,2.52,0.012338,,,194.22 ,191.82 ,537.669983
"August 1, 2004",1104.24,385.22844,10.34,26.968102,,,195.44 ,193.15 ,538.77002
"September 1, 2004",1114.58,382.691547,15.62,-2.536893,,,196.59 ,194.65 ,534.859985
"October 1, 2004",1130.20,401.911031,43.62,19.219484,,,197.43 ,196.07 ,540.650024
"November 1, 2004",1173.82,416.84284,38.10,14.931809,,,198.62 ,197.95 ,557.469971
"December 1, 2004",1211.92,434.013597,-30.65,17.170757,,,199.58 ,199.58 ,575.289978
"January 1, 2005",1181.27,396.798463,22.33,-37.215134,,,200.33 ,201.12 ,564.880005
"February 1, 2005",1203.60,407.412794,-23.01,10.614331,,,202.04 ,202.49 ,574.409973
"March 1, 2005",1180.59,398.73199,-23.74,-8.680804,,,204.88 ,204.60 ,561.830017
"April 1, 2005",1156.85,418.757187,34.65,20.025197,,,207.41 ,206.32 ,552.73999
"May 1, 2005",1191.50,431.565709,-0.17,12.808522,,,210.17 ,208.04 ,564.48999
"June 1, 2005",1191.33,450.868596,42.85,19.302887,,,212.63 ,209.82 ,558.070007
"July 1, 2005",1234.18,481.852732,-13.85,30.984136,,,214.61 ,211.89 ,572.590027
"August 1, 2005",1220.33,462.127733,8.48,-19.724999,,,216.14 ,213.49 ,564.280029
"September 1, 2005",1228.81,462.102203,-21.80,-0.02553,,,217.58 ,215.46 ,566.799988
"October 1, 2005",1207.01,449.938282,42.47,-12.163921,,,218.13 ,216.65 ,556.73999
"November 1, 2005",1249.48,466.816543,-1.19,16.878261,,,218.66 ,217.99 ,574.559998
"December 1, 2005",1248.29,462.981985,31.79,-3.834558,,,219.22 ,219.35 ,570
"January 1, 2006",1280.08,495.634501,0.58,32.652516,,,219.75 ,220.83 ,578.77002
"February 1, 2006",1280.66,502.49647,14.21,6.861969,,,220.74 ,221.24 ,580.820007
"March 1, 2006",1294.87,525.52,15.74,23.02353,,,222.43 ,222.19 ,587.75
"April 1, 2006",1310.61,504.7,-40.52,-20.82,,,223.84 ,222.58 ,595.890015
"May 1, 2006",1270.09,488.5,0.11,-16.2,,,225.62 ,223.18 ,581.200012
"June 1, 2006",1270.20,511.55,6.46,23.05,,,226.32 ,223.12 ,579.559998
"July 1, 2006",1276.66,527.48,27.16,15.93,,,226.21 ,223.20 ,588.73999
"August 1, 2006",1303.82,545.73,32.03,18.25,,,226.61 ,223.73 ,602.030029
"September 1, 2006",1335.85,553.33,42.09,7.6,,,225.94 ,223.75 ,620.030029
"October 1, 2006",1377.94,586.67,22.69,33.34,,,225.61 ,224.04 ,640.570007
"November 1, 2006",1400.63,612.09,17.67,25.42,,,225.29 ,224.63 ,649.640015
"December 1, 2006",1418.30,599.59,19.94,-12.5,,,224.57 ,224.85 ,660.409973
"January 1, 2007",1438.24,648.86,-31.42,49.27,,,224.33 ,225.65 ,666.780029
"February 1, 2007",1406.82,632.86,14.04,-16,,,224.95 ,225.51 ,643.73999
"March 1, 2007",1420.86,615.23,61.51,-17.63,,,226.93 ,226.81 ,649.890015
"April 1, 2007",1482.37,613.61,48.25,-1.62,,,227.99 ,226.67 ,680.650024
"May 1, 2007",1530.62,612.12,-27.27,-1.49,,,228.31 ,225.66 ,702.429993
"June 1, 2007",1503.35,554.19,-48.08,-57.93,,,228.27 ,224.81 ,692.77002
"July 1, 2007",1455.27,509.77,18.72,-44.42,,,226.95 ,223.77 ,675.75
"August 1, 2007",1473.99,541.33,52.76,31.56,,,225.79 ,222.82 ,687.469971
"September 1, 2007",1526.75,562.6,22.63,21.27,,,224.10 ,221.96 ,714.48999
"October 1, 2007",1549.38,567.24,-68.24,4.64,,,221.83 ,220.20 ,724.400024
"November 1, 2007",1481.14,514.27,-12.78,-52.97,,,219.50 ,218.81 ,692.030029
"December 1, 2007",1468.36,485.36,-89.81,-28.91,,,217.32 ,217.73 ,685.650024
"January 1, 2008",1378.55,478.96,-47.92,-6.4,,,214.28 ,215.74 ,643.059998
"February 1, 2008",1330.63,460.38,-7.93,-18.58,,,213.83 ,214.54 ,613.619995
"March 1, 2008",1322.70,486.39,62.89,26.01,,,212.53 ,212.64 ,613.710022
"April 1, 2008",1385.59,513.38,14.79,26.99,,,211.56 ,210.34 ,641
"May 1, 2008",1400.38,515.42,-120.38,2.04,,,210.63 ,208.00 ,639.150024
"June 1, 2008",1280.00,456.9,-12.62,-58.52,,,210.17 ,206.71 ,581.090027
"July 1, 2008",1267.38,471.05,15.45,14.15,,,207.99 ,204.80 ,583.909973
"August 1, 2008",1282.83,479.7,-116.47,8.65,,,205.79 ,202.97 ,590.830017
"September 1, 2008",1166.36,476.28,-197.61,-3.42,,,203.29 ,201.27 ,543.48999
"October 1, 2008",968.75,324.3,-72.51,-151.98,,,200.79 ,199.18 ,464.190002
"November 1, 2008",896.24,247.78,7.01,-76.52,,,196.61 ,195.83 ,432.890015
"December 1, 2008",903.25,285.79,-77.37,38.01,,,194.95 ,195.38 ,431.540009
"January 1, 2009",825.88,235.73,-90.79,-50.06,,,195.79 ,197.32 ,391.279999
"February 1, 2009",735.09,185.56,62.78,-50.17,,,196.76 ,197.64 ,348.209991
"March 1, 2009",797.87,191.22,74.94,5.66,,,194.94 ,195.29 ,377.350006
"April 1, 2009",872.81,249.55,46.33,58.33,,,195.24 ,194.15 ,406
"May 1, 2009",919.14,253.81,0.18,4.26,,,196.31 ,193.66 ,427.559998
"June 1, 2009",919.32,242.83,68.16,-10.98,,,197.15 ,193.58 ,429.660004
"July 1, 2009",987.48,267.59,33.14,24.76,,,196.37 ,193.03 ,460.26001
"August 1, 2009",1020.62,302.32,36.46,34.73,,,195.61 ,192.76 ,474.730011
"September 1, 2009",1057.08,320.19,-20.89,17.87,,,194.62 ,192.57 ,488.350006
"October 1, 2009",1036.19,305.19,59.44,-15,,,194.77 ,193.08 ,482.309998
"November 1, 2009",1095.63,325.14,19.47,19.95,,,194.46 ,193.51 ,510.73999
"December 1, 2009",1115.10,346.6,-41.23,21.46,,,191.04 ,191.49 ,514.090027
"January 1, 2010",1073.87,327.88,30.62,-18.72,,,190.22 ,191.88 ,495.089996
"February 1, 2010",1104.49,344.16,64.94,16.28,,,189.62 ,190.75 ,506.059998
"March 1, 2010",1169.43,377.43,17.26,33.27,,,190.33 ,190.83 ,534.909973
"April 1, 2010",1186.69,402.86,-97.28,25.43,,,192.03 ,190.97 ,540.280029
"May 1, 2010",1089.41,379.36,-58.70,-23.5,,,193.94 ,191.14 ,493.059998
"June 1, 2010",1030.71,358.71,70.89,-20.65,,,192.72 ,188.92 ,467.649994
"July 1, 2010",1101.60,392.17,-52.27,33.46,,,191.32 ,187.67 ,500.559998
"August 1, 2010",1049.33,385.36,91.87,-6.81,,,190.50 ,187.55 ,475.730011
"September 1, 2010",1141.20,400.92,42.06,15.56,,,188.03 ,185.92 ,514.659973
"October 1, 2010",1183.26,419.01,-2.71,18.09,,,187.70 ,186.02 ,533.080017
"November 1, 2010",1180.55,409.36,77.09,-9.65,,,186.39 ,185.37 ,529.72998
"December 1, 2010",1257.64,426.53,28.48,17.17,,,183.58 ,184.04 ,565.900024
"January 1, 2011",1286.12,439.59,41.10,13.06,,,181.61 ,183.37 ,579.22998
"February 1, 2011",1327.22,458.51,-1.39,18.92,,,179.96 ,181.30 ,595.960022
"March 1, 2011",1325.83,449.69,37.78,-8.82,,,179.12 ,179.65 ,592.719971
"April 1, 2011",1363.61,474.53,-18.41,24.84,,,181.08 ,180.05 ,608.330017
"May 1, 2011",1345.20,479.47,-24.56,4.94,,,182.51 ,179.67 ,597.320007
"June 1, 2011",1320.64,461.87,-28.36,-17.6,,,184.28 ,180.33 ,587.309998
"July 1, 2011",1292.28,468.17,-73.39,6.3,,,184.65 ,180.78 ,579.719971
"August 1, 2011",1218.89,440.18,-87.47,-27.99,,,183.39 ,180.33 ,548.01001
"September 1, 2011",1131.42,390.21,121.88,-49.97,,,183.47 ,181.33 ,513.369995
"October 1, 2011",1253.30,445.54,-6.34,55.33,,,181.95 ,180.32 ,563.369995
"November 1, 2011",1246.96,427.31,10.64,-18.23,,,182.10 ,181.08 ,561.960022
"December 1, 2011",1257.60,444.95,54.81,17.64,,,181.44 ,181.86 ,570.789978
"January 1, 2012",1312.41,473.08,53.27,28.13,,,179.62 ,181.50 ,593.830017
"February 1, 2012",1365.68,466.84,42.79,-6.24,,,180.27 ,181.79 ,619.450012
"March 1, 2012",1408.47,488.72,-10.56,21.88,,,183.06 ,183.56 ,640.679993
"April 1, 2012",1397.91,501.96,-87.58,13.24,,,185.72 ,184.58 ,635.450012
"May 1, 2012",1310.33,477.74,51.83,-24.22,,,188.94 ,185.86 ,597.289978
"June 1, 2012",1362.16,502.35,17.16,24.61,,,190.82 ,186.51 ,623.820007
"July 1, 2012",1379.32,511.35,27.26,9,,,191.06 ,186.79 ,635.73999
"August 1, 2012",1406.58,509.96,34.09,-1.39,,,191.16 ,187.86 ,646.409973
"September 1, 2012",1440.67,498.77,-28.51,-11.19,,,190.99 ,188.73 ,663.799988
"October 1, 2012",1412.16,493.81,4.02,-4.96,,,191.46 ,189.83 ,646.52002
"November 1, 2012",1416.18,490.81,10.01,-3,,,191.68 ,190.72 ,646.390015
"December 1, 2012",1426.19,506.6,71.92,15.79,,,191.29 ,191.76 ,646.609985
"January 1, 2013",1498.11,524.5,16.57,17.9,,,191.09 ,193.22 ,674.890015
"February 1, 2013",1514.68,530.02,54.51,5.52,,,192.82 ,194.54 ,682.530029
"March 1, 2013",1569.19,543.37,28.38,13.35,,,196.43 ,196.82 ,704.570007
"April 1, 2013",1597.57,578.8032,33.17,35.4332,,,199.17 ,197.85 ,718.97998
"May 1, 2013",1630.74,543.0372,-24.46,-35.766,,,202.64 ,199.23 ,733.630005
"June 1, 2013",1606.28,530.1206,79.45,-12.9166,,,205.29 ,200.50 ,720.619995
"July 1, 2013",1685.73,534.2805,-52.76,4.1599,,,206.67 ,201.86 ,755.22998
"August 1, 2013",1632.97,495.6078,48.58,-38.6727,,,206.46 ,202.78 ,730.919983
"September 1, 2013",1681.55,508.8164,74.99,13.2086,,,206.25 ,203.82 ,748.119995
"October 1, 2013",1756.54,530.4855,49.27,21.6691,,,206.42 ,204.73 ,783.390015
"November 1, 2013",1805.81,501.6215,42.55,-28.864,,,205.68 ,204.82 ,806.359985
"December 1, 2013",1848.36,499.8539,-65.77,-1.7676,,,205.54 ,206.01 ,823.809998
"January 1, 2014",1782.59,519.7437,76.86,19.8898,,,204.90 ,207.20 ,789.700012
"February 1, 2014",1859.45,544.2288,12.89,24.4851,,,206.25 ,208.01 ,818.23999
"March 1, 2014",1872.34,544.4619,11.61,0.2331,,,208.86 ,209.05 ,828.22998
"April 1, 2014",1883.95,561.5538,39.62,17.0919,,,210.97 ,209.41 ,836.080017
"May 1, 2014",1923.57,573.416,36.66,11.8622,,,213.79 ,210.08 ,852.690002
"June 1, 2014",1960.23,576.9492,-29.56,3.5332,,,216.06 ,210.88 ,865.469971
"July 1, 2014",1930.67,576.232,72.70,-0.7172,,,216.83 ,211.60 ,858.840027
"August 1, 2014",2003.37,591.5046,-31.08,15.2726,,,216.67 ,212.72 ,889.080017
"September 1, 2014",1972.29,553.4208,45.76,-38.0838,,,215.75 ,213.16 ,881.25
"October 1, 2014",2018.05,607.4151,49.51,53.9943,,,216.00 ,214.19 ,895.789978
"November 1, 2014",2067.56,617.6083,-8.66,10.1932,,,216.52 ,215.70 ,916.23999
"December 1, 2014",2058.90,626.0458,-63.91,8.4375,,,216.88 ,217.32 ,908.380005
"January 1, 2015",1994.99,667.1763,109.51,41.1305,,,215.31 ,217.66 ,875.799988
"February 1, 2015",2104.50,642.4844,-36.61,-24.6919,,,217.57 ,219.35 ,925.469971
"March 1, 2015",2067.89,650.3013,17.62,7.8169,,,220.20 ,220.24 ,901.98999
"April 1, 2015",2085.51,613.7739,21.88,-36.5274,,,222.94 ,221.19 ,916.289978
"May 1, 2015",2107.39,611.2535,-44.28,-2.5204,,,226.39 ,222.39 ,926.109985
"June 1, 2015",2063.11,579.9781,40.73,-31.2754,,,228.36 ,222.85 ,908.26001
"July 1, 2015",2103.84,611.8,-131.66,31.8219,,,229.48 ,223.91 ,931.130005
"August 1, 2015",1972.18,572.2578,-52.15,-39.5422,,,228.74 ,224.54 ,868.219971
"September 1, 2015",1920.03,585.6221,159.33,13.3643,,,228.94 ,226.22 ,848.26001
"October 1, 2015",2079.36,619.0776,1.05,33.4555,,,229.21 ,227.26 ,926.73999
"November 1, 2015",2080.41,613.9966,-36.47,-5.081,,,229.27 ,228.45 ,926.440002
"December 1, 2015",2043.94,621.7582,-103.70,7.7616,,,229.07 ,229.50 ,911.429993
"January 1, 2016",1940.24,600.066,-8.01,-21.6922,,,228.29 ,230.75 ,868.340027
"February 1, 2016",1932.23,595.96,127.51,-4.106,,,,,859.440002
"March 1, 2016",2059.74,653.6649,,57.7049,,,,,912.929993
,,,,,,,,,909.030029
